"40029";"ARAPORA";"5112";"Triangulo"
"54232";"VERISSIMO";"2095";"Triangulo"
"40134";"AGUA COMPRIDA";"1950";"Triangulo"
"40363";"LIMEIRA DO OESTE";"4255";"Triangulo"
"40690";"ARAGUARI";"70224";"Triangulo"
"41955";"CACHOEIRA DOURADA";"2482";"Triangulo"
"42021";"DELTA";"4041";"Triangulo"
"42218";"CAMPINA VERDE";"12961";"Triangulo"
"42277";"CAMPO FLORIDO";"3565";"Triangulo"
"42358";"CANAPOLIS";"8099";"Triangulo"
"42447";"UNIAO DE MINAS";"3278";"Triangulo"
"42510";"CAPINOPOLIS";"9662";"Triangulo"
"42994";"CASCALHO RICO";"2551";"Triangulo"
"43150";"CENTRALINA";"6098";"Triangulo"
"45810";"GURINHATA";"5136";"Triangulo"
"46132";"INDIANOPOLIS";"4334";"Triangulo"
"46272";"IPIACU";"3623";"Triangulo"
"46671";"ITAPAGIPE";"8405";"Triangulo"
"46833";"ITUIUTABA";"58829";"Triangulo"
"46876";"ITURAMA";"22297";"Triangulo"
"48550";"MONTE ALEGRE DE MINAS";"11923";"Triangulo"
"43370";"COMENDADOR GOMES";"2335";"Triangulo"
"43451";"CONCEICAO DAS ALAGOAS";"14059";"Triangulo"
"43630";"CONQUISTA";"4265";"Triangulo"
"45390";"FRONTEIRA";"9313";"Triangulo"
"45411";"FRUTAL";"31682";"Triangulo"
"50130";"PIRAJUBA";"3002";"Triangulo"
"50318";"PLANURA";"7218";"Triangulo"
"50555";"PRATA";"15717";"Triangulo"
"51950";"SANTA VITORIA";"11974";"Triangulo"
"52256";"SAO FRANCISCO DE SALES";"3858";"Triangulo"
"53910";"TUPACIGUARA";"16967";"Triangulo"
"54011";"UBERABA";"170798";"Triangulo"
"54038";"UBERLANDIA";"338342";"Triangulo"
"40088";"CARNEIRINHO";"6902";"Triangulo"
"52396";"SAO GONCALO DO SAPUCAI";"14978";"Sul de Minas"
"52434";"SAO JOAO BATISTA DO GLORIA";"4864";"Sul de Minas"
"52450";"SAO JOAO DA MATA";"2401";"Sul de Minas"
"52639";"SAO JOSE DO ALEGRE";"2939";"Sul de Minas"
"52736";"SAO LOURENCO";"26284";"Sul de Minas"
"52779";"SAO PEDRO DA UNIAO";"3805";"Sul de Minas"
"52876";"SAO SEBASTIAO DA BELA VISTA";"3621";"Sul de Minas"
"52930";"SAO SEBASTIAO DO PARAISO";"38055";"Sul de Minas"
"52973";"SAO SEBASTIAO DO RIO VERDE";"1726";"Sul de Minas"
"53015";"SAO TOMAS DE AQUINO";"4853";"Sul de Minas"
"53031";"SAO THOME DAS LETRAS";"4827";"Sul de Minas"
"53058";"SAO VICENTE DE MINAS";"4535";"Sul de Minas"
"53074";"SAPUCAI MIRIM";"3998";"Sul de Minas"
"53155";"SENADOR JOSE BENTO";"2002";"Sul de Minas"
"53279";"SERITINGA";"1640";"Sul de Minas"
"53376";"SERRANIA";"5039";"Sul de Minas"
"53392";"SERRANOS";"1784";"Sul de Minas"
"53473";"SILVIANOPOLIS";"4068";"Sul de Minas"
"53554";"SOLEDADE DE MINAS";"4222";"Sul de Minas"
"53813";"TOLEDO";"4386";"Sul de Minas"
"53856";"TRES CORACOES";"43540";"Sul de Minas"
"53872";"TRES PONTAS";"33437";"Sul de Minas"
"53953";"TURVOLANDIA";"3332";"Sul de Minas"
"54135";"VARGINHA";"74554";"Sul de Minas"
"54216";"WENCESLAU BRAZ";"2019";"Sul de Minas"
"54356";"VIRGINIA";"5906";"Sul de Minas"
"54453";"ITAU DE MINAS";"10263";"Sul de Minas"
"46850";"ITUMIRIM";"4719";"Sul de Minas"
"46892";"ITUTINGA";"2961";"Sul de Minas"
"46957";"JACUI";"5068";"Sul de Minas"
"46973";"JACUTINGA";"13845";"Sul de Minas"
"47171";"JESUANIA";"3676";"Sul de Minas"
"47376";"JURUAIA";"6203";"Sul de Minas"
"47554";"LAMBARI";"13027";"Sul de Minas"
"47635";"LAVRAS";"55021";"Sul de Minas"
"47694";"LIBERDADE";"3813";"Sul de Minas"
"47732";"LUMINARIAS";"3711";"Sul de Minas"
"47791";"MACHADO";"23418";"Sul de Minas"
"47970";"MARIA DA FE";"10192";"Sul de Minas"
"48070";"MARMELOPOLIS";"2635";"Sul de Minas"
"48372";"MINDURI";"2851";"Sul de Minas"
"48518";"MONSENHOR PAULO";"5334";"Sul de Minas"
"43419";"CONCEICAO DA APARECIDA";"6837";"Sul de Minas"
"43435";"CONCEICAO DAS PEDRAS";"2288";"Sul de Minas"
"43532";"CONCEICAO DO RIO VERDE";"7906";"Sul de Minas"
"43559";"CONCEICAO DOS OUROS";"7206";"Sul de Minas"
"43575";"CONGONHAL";"6611";"Sul de Minas"
"43699";"CONSOLACAO";"1536";"Sul de Minas"
"43737";"COQUEIRAL";"6264";"Sul de Minas"
"43796";"CORDISLANDIA";"2756";"Sul de Minas"
"43974";"CORREGO DO BOM JESUS";"2994";"Sul de Minas"
"44091";"CRISTINA";"6469";"Sul de Minas"
"44156";"CRUZILIA";"9775";"Sul de Minas"
"44210";"DELFIM MOREIRA";"5385";"Sul de Minas"
"44237";"DELFINOPOLIS";"5253";"Sul de Minas"
"44474";"DIVISA NOVA";"3944";"Sul de Minas"
"44555";"DOM VICOSO";"2376";"Sul de Minas"
"44717";"ELOI MENDES";"15317";"Sul de Minas"
"44873";"ESPIRITO SANTO DO DOURADO";"3650";"Sul de Minas"
"44890";"ESTIVA";"7493";"Sul de Minas"
"45012";"EXTREMA";"16990";"Sul de Minas"
"45039";"FAMA";"2446";"Sul de Minas"
"45250";"FORTALEZA DE MINAS";"3029";"Sul de Minas"
"48593";"MONTE BELO";"8733";"Sul de Minas"
"48631";"MONTE SANTO DE MINAS";"13946";"Sul de Minas"
"48674";"MONTE SIAO";"13708";"Sul de Minas"
"48755";"MUNHOZ";"5047";"Sul de Minas"
"48810";"MUZAMBINHO";"14016";"Sul de Minas"
"48879";"NATERCIA";"3608";"Sul de Minas"
"48917";"NEPOMUCENO";"16792";"Sul de Minas"
"49018";"NOVA RESENDE";"9651";"Sul de Minas"
"49093";"OLIMPIO NORONHA";"1986";"Sul de Minas"
"49190";"OURO FINO";"20035";"Sul de Minas"
"49433";"PARAGUACU";"13444";"Sul de Minas"
"49450";"PARAISOPOLIS";"13126";"Sul de Minas"
"49514";"PASSA QUATRO";"10393";"Sul de Minas"
"49557";"PASSA VINTE";"1773";"Sul de Minas"
"49573";"PASSOS";"62922";"Sul de Minas"
"49816";"PEDRALVA";"7732";"Sul de Minas"
"50172";"PIRANGUCU";"3729";"Sul de Minas"
"50199";"PIRANGUINHO";"5656";"Sul de Minas"
"50334";"POCO FUNDO";"10971";"Sul de Minas"
"50350";"POCOS DE CALDAS";"87748";"Sul de Minas"
"50490";"POUSO ALEGRE";"73684";"Sul de Minas"
"50512";"POUSO ALTO";"4518";"Sul de Minas"
"50571";"PRATAPOLIS";"6377";"Sul de Minas"
"50938";"RIBEIRAO VERMELHO";"2802";"Sul de Minas"
"51659";"SANTANA DA VARGEM";"5130";"Sul de Minas"
"51837";"SANTA RITA DE CALDAS";"6372";"Sul de Minas"
"51918";"SANTA RITA DO SAPUCAI";"22673";"Sul de Minas"
"52159";"SAO BENTO ABADE";"3399";"Sul de Minas"
"40231";"AIURUOCA";"4254";"Sul de Minas"
"40258";"ALAGOA";"2158";"Sul de Minas"
"40274";"ALBERTINA";"2047";"Sul de Minas"
"40312";"ALFENAS";"44025";"Sul de Minas"
"40371";"ALPINOPOLIS";"12386";"Sul de Minas"
"40398";"ALTEROSA";"9438";"Sul de Minas"
"40517";"ANDRADAS";"22895";"Sul de Minas"
"40550";"ANDRELANDIA";"8107";"Sul de Minas"
"40711";"ARANTINA";"2535";"Sul de Minas"
"40819";"ARCEBURGO";"6063";"Sul de Minas"
"40843";"SENADOR AMARAL";"4041";"Sul de Minas"
"40851";"AREADO";"9249";"Sul de Minas"
"40975";"BAEPENDI";"12983";"Sul de Minas"
"41050";"BANDEIRA DO SUL";"4127";"Sul de Minas"
"41416";"BOA ESPERANCA";"23958";"Sul de Minas"
"41432";"BOCAINA DE MINAS";"3958";"Sul de Minas"
"41491";"BOM JARDIM DE MINAS";"4973";"Sul de Minas"
"41513";"BOM JESUS DA PENHA";"2699";"Sul de Minas"
"41572";"BOM REPOUSO";"7083";"Sul de Minas"
"41645";"SAO JOSE DA BARRA";"4978";"Sul de Minas"
"41653";"BORDA DA MATA";"11005";"Sul de Minas"
"41670";"BOTELHOS";"10264";"Sul de Minas"
"41777";"BRASOPOLIS";"10276";"Sul de Minas"
"41815";"BUENO BRANDAO";"7162";"Sul de Minas"
"41890";"CABO VERDE";"8318";"Sul de Minas"
"41939";"CACHOEIRA DE MINAS";"7464";"Sul de Minas"
"42056";"CALDAS";"9184";"Sul de Minas"
"42099";"CAMANDUCAIA";"13209";"Sul de Minas"
"42110";"CAMBUI";"16007";"Sul de Minas"
"42137";"CAMBUQUIRA";"8119";"Sul de Minas"
"42170";"CAMPANHA";"9714";"Sul de Minas"
"42196";"CAMPESTRE";"13176";"Sul de Minas"
"42250";"CAMPO DO MEIO";"8376";"Sul de Minas"
"42315";"CAMPOS GERAIS";"17211";"Sul de Minas"
"42471";"CAPETINGA";"5206";"Sul de Minas"
"42552";"CAPITOLIO";"5917";"Sul de Minas"
"42587";"TOCOS DO MOJI";"3197";"Sul de Minas"
"42714";"CAREACU";"4171";"Sul de Minas"
"42773";"CARMO DA CACHOEIRA";"7862";"Sul de Minas"
"42811";"CARMO DE MINAS";"7850";"Sul de Minas"
"42870";"CARMO DO RIO CLARO";"12735";"Sul de Minas"
"42919";"CARRANCAS";"2657";"Sul de Minas"
"42935";"CARVALHOPOLIS";"2574";"Sul de Minas"
"42951";"CARVALHOS";"3526";"Sul de Minas"
"43010";"CASSIA";"11585";"Sul de Minas"
"43095";"CAXAMBU";"14314";"Sul de Minas"
"43273";"CLARAVAL";"3907";"Sul de Minas"
"45470";"GONCALVES";"3071";"Sul de Minas"
"45616";"GUAPE";"8588";"Sul de Minas"
"45659";"GUARANESIA";"12182";"Sul de Minas"
"45730";"GUAXUPE";"30691";"Sul de Minas"
"45837";"HELIODORA";"4218";"Sul de Minas"
"45934";"IBIRACI";"7324";"Sul de Minas"
"45977";"IBITIURA DE MINAS";"2880";"Sul de Minas"
"46078";"IJACI";"4178";"Sul de Minas"
"46094";"ILICINEA";"7566";"Sul de Minas"
"46116";"INCONFIDENTES";"5277";"Sul de Minas"
"46159";"INGAI";"2307";"Sul de Minas"
"46299";"IPUIUNA";"6446";"Sul de Minas"
"46477";"ITAJUBA";"55494";"Sul de Minas"
"46574";"ITAMOGI";"7837";"Sul de Minas"
"46590";"ITAMONTE";"9146";"Sul de Minas"
"46612";"ITANHANDU";"9581";"Sul de Minas"
"46710";"ITAPEVA";"5901";"Sul de Minas"
"43990";"CORREGO NOVO";"3068";"Rio Doce"
"44415";"DIVINO DAS LARANJEIRAS";"3570";"Rio Doce"
"44431";"DIVINOLANDIA DE MINAS";"4478";"Rio Doce"
"44490";"DOM CAVATI";"4034";"Rio Doce"
"44610";"DORES DE GUANHAES";"4184";"Rio Doce"
"44733";"ENGENHEIRO CALDAS";"6120";"Rio Doce"
"45152";"FERNANDES TOURINHO";"2173";"Rio Doce"
"45373";"FREI INOCENCIO";"5659";"Rio Doce"
"45454";"GALILEIA";"4708";"Rio Doce"
"48798";"MUTUM";"17128";"Rio Doce"
"48836";"NACIP RAYDAN";"2190";"Rio Doce"
"48976";"NOVA MODICA";"2923";"Rio Doce"
"49670";"PAULISTAS";"3505";"Rio Doce"
"49719";"PECANHA";"10293";"Rio Doce"
"49999";"PESCADOR";"2680";"Rio Doce"
"50377";"POCRANE";"6466";"Rio Doce"
"50857";"RESPLENDOR";"10424";"Rio Doce"
"51357";"SABINOPOLIS";"9142";"Rio Doce"
"51497";"SANTA EFIGENIA DE MINAS";"3083";"Rio Doce"
"51632";"SANTA MARIA DO SUACUI";"9340";"Rio Doce"
"51896";"SANTA RITA DO ITUETO";"4352";"Rio Doce"
"52310";"SAO GERALDO DA PIEDADE";"2958";"Rio Doce"
"52515";"SAO JOAO DO ORIENTE";"5801";"Rio Doce"
"52558";"SAO JOAO EVANGELISTA";"8844";"Rio Doce"
"52590";"SAO JOSE DA SAFIRA";"3031";"Rio Doce"
"52655";"SAO JOSE DO DIVINO";"2858";"Rio Doce"
"52698";"SAO JOSE DO JACURI";"4156";"Rio Doce"
"52817";"SAO PEDRO DO SUACUI";"3692";"Rio Doce"
"52892";"SAO SEBASTIAO DO MARANHAO";"6638";"Rio Doce"
"53090";"SARDOA";"3219";"Rio Doce"
"53210";"SENHORA DO PORTO";"2663";"Rio Doce"
"53538";"SOBRALIA";"3851";"Rio Doce"
"53678";"TARUMIRIM";"8816";"Rio Doce"
"53732";"TIMOTEO";"48216";"Rio Doce"
"53899";"TUMIRITINGA";"4170";"Rio Doce"
"54313";"MATHIAS LOBATO";"2426";"Rio Doce"
"54372";"VIRGINOPOLIS";"6325";"Rio Doce"
"54399";"VIRGOLANDIA";"3502";"Rio Doce"
"40061";"CAPITAO ANDRADE";"3266";"Rio Doce"
"40096";"ACUCENA";"6541";"Rio Doce"
"40118";"AGUA BOA";"9388";"Rio Doce"
"40185";"ENTRE FOLHAS";"4600";"Rio Doce"
"40215";"AIMORES";"14840";"Rio Doce"
"40266";"IPABA";"10342";"Rio Doce"
"40304";"JAMPRUCA";"3317";"Rio Doce"
"40355";"ALPERCATA";"5157";"Rio Doce"
"40436";"ALVARENGA";"3373";"Rio Doce"
"40487";"NAQUE";"3948";"Rio Doce"
"40568";"PERIQUITO";"4912";"Rio Doce"
"40592";"ANTONIO DIAS";"7339";"Rio Doce"
"40649";"SANTA BARBARA DO LESTE";"6129";"Rio Doce"
"40665";"SANTA RITA DE MINAS";"4612";"Rio Doce"
"40681";"SANTANA DO PARAISO";"12252";"Rio Doce"
"40746";"SAO JOAO DO MANTENINHA";"4202";"Rio Doce"
"40860";"UBAPORANGA";"7928";"Rio Doce"
"40908";"VARGEM ALEGRE";"5134";"Rio Doce"
"41149";"NOVA BELEM";"3108";"Rio Doce"
"41254";"BELO ORIENTE";"15028";"Rio Doce"
"41343";"PIEDADE DE CARATINGA";"4633";"Rio Doce"
"41360";"PINGO D'AGUA";"3105";"Rio Doce"
"41548";"SAO DOMINGOS DAS DORES";"4280";"Rio Doce"
"41556";"BOM JESUS DO GALHO";"9646";"Rio Doce"
"41564";"SAO FELIX DE MINAS";"2549";"Rio Doce"
"41580";"SAO GERALDO DO BAIXIO";"2379";"Rio Doce"
"41750";"BRAUNAS";"3329";"Rio Doce"
"41769";"BUGRE";"3387";"Rio Doce"
"41823";"CANTAGALO";"2593";"Rio Doce"
"41980";"CUPARAQUE";"3183";"Rio Doce"
"42064";"FREI LAGONEGRO";"2538";"Rio Doce"
"42145";"GOIABEIRA";"2264";"Rio Doce"
"42153";"CAMPANARIO";"2723";"Rio Doce"
"42226";"IMBE DE MINAS";"4622";"Rio Doce"
"42323";"JOSE RAYDAN";"2996";"Rio Doce"
"42366";"SAO SEBASTIAO DO ANTA";"3892";"Rio Doce"
"42420";"TAPARUBA";"3021";"Rio Doce"
"42676";"CARATINGA";"48334";"Rio Doce"
"42757";"CARMESIA";"2010";"Rio Doce"
"43133";"CENTRAL DE MINAS";"4986";"Rio Doce"
"45497";"GONZAGA";"3318";"Rio Doce"
"45535";"GOVERNADOR VALADARES";"149365";"Rio Doce"
"45594";"GUANHAES";"17020";"Rio Doce"
"45853";"IAPU";"6559";"Rio Doce"
"46175";"INHAPIM";"17269";"Rio Doce"
"46230";"IPANEMA";"11532";"Rio Doce"
"46256";"IPATINGA";"142974";"Rio Doce"
"46353";"ITABIRINHA";"6618";"Rio Doce"
"46531";"ITAMBACURI";"13693";"Rio Doce"
"46639";"ITANHOMI";"7799";"Rio Doce"
"46817";"ITUETA";"4661";"Rio Doce"
"46990";"JAGUARACU";"2320";"Rio Doce"
"47210";"JOANESIA";"4151";"Rio Doce"
"47910";"MANTENA";"15002";"Rio Doce"
"48011";"MARILAC";"3086";"Rio Doce"
"48054";"MARLIERIA";"3286";"Rio Doce"
"48119";"MATERLANDIA";"3336";"Rio Doce"
"48291";"MENDES PIMENTEL";"4320";"Rio Doce"
"48330";"MESQUITA";"4360";"Rio Doce"
"43354";"COLUNA";"5409";"Rio Doce"
"43478";"CONCEICAO DE IPANEMA";"3150";"Rio Doce"
"43672";"CONSELHEIRO PENA";"13668";"Rio Doce"
"43834";"COROACI";"7343";"Rio Doce"
"43877";"CORONEL FABRICIANO";"61758";"Rio Doce"
"45918";"IBIAI";"5176";"Norte de Minas"
"46396";"ITACAMBIRA";"3771";"Norte de Minas"
"46418";"ITACARAMBI";"10009";"Norte de Minas"
"47015";"JANAUBA";"37630";"Norte de Minas"
"47031";"JANUARIA";"34450";"Norte de Minas"
"47112";"JEQUITAI";"5513";"Norte de Minas"
"47350";"JURAMENTO";"3443";"Norte de Minas"
"47457";"LAGOA DOS PATOS";"3389";"Norte de Minas"
"47619";"LASSANCE";"4281";"Norte de Minas"
"47856";"MANGA";"11552";"Norte de Minas"
"48194";"MATO VERDE";"9142";"Norte de Minas"
"48399";"MIRABELA";"8731";"Norte de Minas"
"48534";"MONTALVANIA";"10033";"Norte de Minas"
"48577";"MONTE AZUL";"14574";"Norte de Minas"
"43753";"CORACAO DE JESUS";"17133";"Norte de Minas"
"44059";"CRISTALIA";"3597";"Norte de Minas"
"44750";"ENGENHEIRO NAVARRO";"4796";"Norte de Minas"
"44857";"ESPINOSA";"18794";"Norte de Minas"
"45314";"FRANCISCO DUMONT";"3648";"Norte de Minas"
"45330";"FRANCISCO SA";"14867";"Norte de Minas"
"48658";"MONTES CLAROS";"193415";"Norte de Minas"
"50237";"PIRAPORA";"29959";"Norte de Minas"
"50431";"PORTEIRINHA";"23480";"Norte de Minas"
"50890";"RIACHO DOS MACHADOS";"5808";"Norte de Minas"
"51110";"RIO PARDO DE MINAS";"15650";"Norte de Minas"
"51292";"RUBELITA";"5560";"Norte de Minas"
"51390";"SALINAS";"22310";"Norte de Minas"
"51519";"SANTA FE DE MINAS";"3055";"Norte de Minas"
"52213";"SAO FRANCISCO";"27398";"Norte de Minas"
"52477";"SAO JOAO DA PONTE";"16321";"Norte de Minas"
"52531";"SAO JOAO DO PARAISO";"13251";"Norte de Minas"
"52833";"SAO ROMAO";"5334";"Norte de Minas"
"53597";"TAIOBEIRAS";"18600";"Norte de Minas"
"53996";"UBAI";"7054";"Norte de Minas"
"54151";"VARZEA DA PALMA";"21990";"Norte de Minas"
"54178";"VARZELANDIA";"10979";"Norte de Minas"
"40126";"DIVISA ALEGRE";"3592";"Norte de Minas"
"40193";"AGUAS VERMELHAS";"7533";"Norte de Minas"
"40240";"ICARAI DE MINAS";"5554";"Norte de Minas"
"40282";"JAIBA";"17696";"Norte de Minas"
"40380";"LONTRA";"5996";"Norte de Minas"
"40401";"MAMONAS";"4232";"Norte de Minas"
"40444";"MATIAS CARDOSO";"4822";"Norte de Minas"
"40460";"MONTEZUMA";"4234";"Norte de Minas"
"40541";"PEDRAS DE MARIA DA CRUZ";"5968";"Norte de Minas"
"40606";"RIACHINHO";"4606";"Norte de Minas"
"40703";"SAO JOAO DA LAGOA";"3697";"Norte de Minas"
"40762";"SAO JOAO DO PACUI";"3012";"Norte de Minas"
"40886";"URUCUIA";"5348";"Norte de Minas"
"40924";"JOSENOPOLIS";"2763";"Norte de Minas"
"40940";"JUVENILIA";"4559";"Norte de Minas"
"41009";"LUISLANDIA";"4360";"Norte de Minas"
"41068";"MIRAVANIA";"2751";"Norte de Minas"
"41122";"NINHEIRA";"5511";"Norte de Minas"
"41165";"NOVA PORTEIRINHA";"5282";"Norte de Minas"
"41181";"NOVORIZONTE";"3384";"Norte de Minas"
"41203";"OLHOS D'AGUA";"3895";"Norte de Minas"
"41262";"PADRE CARVALHO";"3632";"Norte de Minas"
"41289";"PAI PEDRO";"3597";"Norte de Minas"
"41300";"PATIS";"3598";"Norte de Minas"
"41386";"PINTOPOLIS";"4741";"Norte de Minas"
"41408";"PONTO CHIQUE";"3066";"Norte de Minas"
"41459";"BOCAIUVA";"26416";"Norte de Minas"
"41483";"SANTA CRUZ DE SALINAS";"3261";"Norte de Minas"
"41521";"SANTO ANTONIO DO RETIRO";"4441";"Norte de Minas"
"41602";"SAO JOAO DAS MISSOES";"5654";"Norte de Minas"
"41696";"BOTUMIRIM";"4221";"Norte de Minas"
"41718";"BRASILIA DE MINAS";"19081";"Norte de Minas"
"41726";"BERIZAL";"2975";"Norte de Minas"
"41742";"BONITO DE MINAS";"5050";"Norte de Minas"
"41807";"CAMPO AZUL";"3128";"Norte de Minas"
"41866";"CATUTI";"3749";"Norte de Minas"
"41874";"BURITIZEIRO";"15614";"Norte de Minas"
"41882";"CHAPADA GAUCHA";"5379";"Norte de Minas"
"41904";"CONEGO MARINHO";"4142";"Norte de Minas"
"42005";"CURRAL DE DENTRO";"4662";"Norte de Minas"
"42080";"FRUTA DE LEITE";"3521";"Norte de Minas"
"42102";"GAMELEIRAS";"3529";"Norte de Minas"
"42129";"GLAUCILANDIA";"2949";"Norte de Minas"
"42188";"GUARACIAMA";"4679";"Norte de Minas"
"42200";"IBIRACATU";"4154";"Norte de Minas"
"42242";"INDAIABIRA";"4394";"Norte de Minas"
"42269";"JAPONVAR";"6011";"Norte de Minas"
"42382";"SERRANOPOLIS DE MINAS";"3094";"Norte de Minas"
"42480";"VARGEM GRANDE DO RIO PARDO";"3302";"Norte de Minas"
"42528";"VERDELANDIA";"4931";"Norte de Minas"
"42536";"CAPITAO ENEAS";"9464";"Norte de Minas"
"43290";"CLARO DOS POCOES";"6376";"Norte de Minas"
"45551";"GRAO MOGOL";"8252";"Norte de Minas"
"47252";"JOAO PINHEIRO";"28433";"Noroeste de Minas"
"45713";"GUARDA-MOR";"4678";"Noroeste de Minas"
"45233";"FORMOSO";"4383";"Noroeste de Minas"
"49395";"PARACATU";"48666";"Noroeste de Minas"
"50679";"PRESIDENTE OLEGARIO";"13293";"Noroeste de Minas"
"52337";"SAO GONCALO DO ABAETE";"4072";"Noroeste de Minas"
"54070";"UNAI";"45058";"Noroeste de Minas"
"54194";"VAZANTE";"12978";"Noroeste de Minas"
"40045";"BRASILANDIA DE MINAS";"8051";"Noroeste de Minas"
"40347";"LAGOA GRANDE";"5523";"Noroeste de Minas"
"40894";"ARINOS";"10965";"Noroeste de Minas"
"41106";"NATALANDIA";"2579";"Noroeste de Minas"
"41637";"BONFINOPOLIS DE MINAS";"4438";"Noroeste de Minas"
"41785";"CABECEIRA GRANDE";"4637";"Noroeste de Minas"
"41858";"BURITIS";"13073";"Noroeste de Minas"
"42048";"DOM BOSCO";"2813";"Noroeste de Minas"
"42463";"URUANA DE MINAS";"2836";"Noroeste de Minas"
"42501";"VARJAO DE MINAS";"4145";"Noroeste de Minas"
"47414";"LAGAMAR";"5828";"Noroeste de Minas"
"53252";"SERICITA";"5574";"Mata"
"53457";"SILVEIRANIA";"2055";"Mata"
"53490";"SIMAO PEREIRA";"2629";"Mata"
"53511";"SIMONESIA";"11777";"Mata"
"53570";"TABULEIRO";"3519";"Mata"
"53694";"TEIXEIRAS";"8450";"Mata"
"53791";"TOCANTINS";"11011";"Mata"
"53830";"TOMBOS";"6167";"Mata"
"53970";"UBA";"55225";"Mata"
"54097";"URUCANIA";"6782";"Mata"
"54275";"VICOSA";"42916";"Mata"
"54291";"VIEIRAS";"3346";"Mata"
"54410";"VISCONDE DO RIO BRANCO";"24622";"Mata"
"54437";"VOLTA GRANDE";"3639";"Mata"
"48437";"MIRAI";"8734";"Mata"
"43338";"COIMBRA";"5493";"Mata"
"43915";"CORONEL PACHECO";"2192";"Mata"
"44253";"DESCOBERTO";"3814";"Mata"
"44377";"DIVINESIA";"2932";"Mata"
"44393";"DIVINO";"11696";"Mata"
"44539";"DOM SILVERIO";"3708";"Mata"
"44571";"DONA EUSEBIA";"4258";"Mata"
"44652";"DORES DO TURVO";"3877";"Mata"
"44792";"ERVALIA";"13251";"Mata"
"44830";"ESPERA FELIZ";"12797";"Mata"
"44911";"ESTRELA DALVA";"2268";"Mata"
"44970";"EUGENOPOLIS";"7308";"Mata"
"44997";"EWBANK DA CAMARA";"3164";"Mata"
"45055";"FARIA LEMOS";"2911";"Mata"
"48771";"MURIAE";"61215";"Mata"
"49077";"OLARIA";"1935";"Mata"
"49131";"OLIVEIRA FORTES";"1797";"Mata"
"49310";"PAIVA";"1414";"Mata"
"49336";"PALMA";"4379";"Mata"
"49638";"PATROCINIO DO MURIAE";"4239";"Mata"
"49654";"PAULA CANDIDO";"6335";"Mata"
"49751";"PEDRA DO ANTA";"3023";"Mata"
"49794";"PEDRA DOURADA";"1759";"Mata"
"49875";"PEDRO TEIXEIRA";"1641";"Mata"
"49891";"PEQUERI";"2473";"Mata"
"50016";"PIAU";"2716";"Mata"
"50032";"PIEDADE DE PONTE NOVA";"3255";"Mata"
"50156";"PIRANGA";"10990";"Mata"
"50210";"PIRAPETINGA";"7738";"Mata"
"50253";"PIRAUBA";"7954";"Mata"
"50415";"PONTE NOVA";"36018";"Mata"
"50458";"PORTO FIRME";"6383";"Mata"
"50610";"PRESIDENTE BERNARDES";"4432";"Mata"
"50695";"ALTO JEQUITIBA";"5995";"Mata"
"50792";"RAUL SOARES";"14504";"Mata"
"50814";"RECREIO";"6804";"Mata"
"50970";"RIO CASCA";"9955";"Mata"
"50997";"RIO DOCE";"1941";"Mata"
"51039";"RIO ESPERA";"4383";"Mata"
"51071";"RIO NOVO";"5884";"Mata"
"51152";"RIO POMBA";"11518";"Mata"
"51179";"RIO PRETO";"4345";"Mata"
"51233";"ROCHEDO DE MINAS";"1877";"Mata"
"51250";"RODEIRO";"4557";"Mata"
"51470";"SANTA CRUZ DO ESCALVADO";"3920";"Mata"
"51578";"SANTA MARGARIDA";"10460";"Mata"
"51675";"SANTANA DE CATAGUASES";"2782";"Mata"
"51713";"SANTANA DO DESERTO";"2869";"Mata"
"51772";"SANTANA DO MANHUACU";"5786";"Mata"
"51853";"SANTA RITA DE JACUTINGA";"4244";"Mata"
"51870";"SANTA RITA DO IBITIPOCA";"2778";"Mata"
"51993";"SANTO ANTONIO DO AVENTUREIRO";"2808";"Mata"
"52019";"SANTO ANTONIO DO GRAMA";"3155";"Mata"
"52132";"SANTOS DUMONT";"31897";"Mata"
"52272";"SAO FRANCISCO DO GLORIA";"3500";"Mata"
"52299";"SAO GERALDO";"5390";"Mata"
"52574";"SAO JOAO NEPOMUCENO";"16714";"Mata"
"52710";"SAO JOSE DO MANTIMENTO";"2013";"Mata"
"52752";"SAO MIGUEL DO ANTA";"4871";"Mata"
"52795";"SAO PEDRO DOS FERROS";"5732";"Mata"
"53112";"SENADOR CORTES";"2008";"Mata"
"53139";"SENADOR FIRMINO";"5510";"Mata"
"53198";"SENHORA DE OLIVEIRA";"4621";"Mata"
"40053";"ABRE CAMPO";"9660";"Mata"
"40070";"ACAIACA";"2988";"Mata"
"40169";"DURANDE";"4933";"Mata"
"40207";"FERVEDOURO";"6910";"Mata"
"40290";"ALEM PARAIBA";"23123";"Mata"
"40410";"ALTO RIO DOCE";"8809";"Mata"
"40495";"AMPARO DO SERRA";"3923";"Mata"
"40614";"ANTONIO PRADO DE MINAS";"1567";"Mata"
"40622";"ROSARIO DA LIMEIRA";"4482";"Mata"
"40657";"ARACITABA";"1777";"Mata"
"40720";"SAO JOAO DO MANHUACU";"6384";"Mata"
"40738";"ARAPONGA";"5285";"Mata"
"40827";"SEM PEIXE";"2982";"Mata"
"40878";"ARGIRITA";"2593";"Mata"
"40916";"ASTOLFO DUTRA";"9463";"Mata"
"40983";"LUISBURGO";"4414";"Mata"
"41041";"MARTINS SOARES";"5058";"Mata"
"41092";"BARAO DE MONTE ALTO";"4246";"Mata"
"41130";"BARRA LONGA";"4811";"Mata"
"41211";"BELMIRO BRAGA";"2653";"Mata"
"41220";"ORATORIOS";"3506";"Mata"
"41246";"ORIZANIA";"5035";"Mata"
"41327";"PEDRA BONITA";"4455";"Mata"
"41351";"BIAS FORTES";"3444";"Mata"
"41378";"BICAS";"9496";"Mata"
"41424";"REDUTO";"4330";"Mata"
"41440";"SANTA BARBARA DO MONTE VERDE";"2815";"Mata"
"41661";"ALTO CAPARAO";"2913";"Mata"
"41734";"BRAS PIRES";"3507";"Mata"
"42013";"CAIANA";"3144";"Mata"
"42030";"CAJURI";"3728";"Mata"
"42161";"GOIANA";"3025";"Mata"
"42331";"CANAA";"3531";"Mata"
"42340";"SAO SEBASTIAO DA VARGEM ALEGRE";"2348";"Mata"
"42412";"CAPARAO";"3615";"Mata"
"42560";"VERMELHO NOVO";"3998";"Mata"
"42579";"CAPUTIRA";"6551";"Mata"
"42650";"CARANGOLA";"19915";"Mata"
"43052";"CATAGUASES";"44266";"Mata"
"43176";"CHACARA";"2213";"Mata"
"43192";"CHALE";"3983";"Mata"
"43230";"CHIADOR";"2665";"Mata"
"43257";"CIPOTANEA";"4692";"Mata"
"45632";"GUARACIABA";"7102";"Mata"
"45675";"GUARANI";"6016";"Mata"
"45691";"GUARARA";"2978";"Mata"
"45756";"GUIDOVAL";"5752";"Mata"
"45799";"GUIRICEMA";"6052";"Mata"
"46515";"ITAMARATI DE MINAS";"3201";"Mata"
"47090";"JEQUERI";"8304";"Mata"
"47333";"JUIZ DE FORA";"313366";"Mata"
"47538";"LAJINHA";"12884";"Mata"
"47570";"LAMIM";"2835";"Mata"
"47597";"LARANJAL";"5054";"Mata"
"47678";"LEOPOLDINA";"32186";"Mata"
"47716";"LIMA DUARTE";"10873";"Mata"
"47872";"MANHUACU";"43021";"Mata"
"47899";"MANHUMIRIM";"13006";"Mata"
"47953";"MAR DE ESPANHA";"7736";"Mata"
"48038";"MARIPA DE MINAS";"2586";"Mata"
"48151";"MATIAS BARBOSA";"9173";"Mata"
"48178";"MATIPO";"11975";"Mata"
"48313";"MERCES";"6429";"Mata"
"48410";"MIRADOURO";"7832";"Mata"
"40100";"CATUJI";"5508";"Jequitinhonha/Mucuri"
"40142";"DIVISOPOLIS";"4589";"Jequitinhonha/Mucuri"
"40177";"AGUAS FORMOSAS";"10998";"Jequitinhonha/Mucuri"
"40223";"FRANCISCOPOLIS";"3443";"Jequitinhonha/Mucuri"
"40339";"ALMENARA";"21762";"Jequitinhonha/Mucuri"
"40428";"MATA VERDE";"5351";"Jequitinhonha/Mucuri"
"40509";"NOVO ORIENTE DE MINAS";"6292";"Jequitinhonha/Mucuri"
"40525";"PALMOPOLIS";"4728";"Jequitinhonha/Mucuri"
"40533";"CACHOEIRA DE PAJEU";"5609";"Jequitinhonha/Mucuri"
"40584";"PONTO DOS VOLANTES";"6438";"Jequitinhonha/Mucuri"
"40673";"ARACUAI";"18876";"Jequitinhonha/Mucuri"
"40932";"ATALEIA";"8870";"Jequitinhonha/Mucuri"
"40967";"LEME DO PRADO";"2992";"Jequitinhonha/Mucuri"
"41033";"BANDEIRA";"3582";"Jequitinhonha/Mucuri"
"41084";"MONTE FORMOSO";"2940";"Jequitinhonha/Mucuri"
"41297";"BERILO";"6794";"Jequitinhonha/Mucuri"
"41319";"BERTOPOLIS";"2871";"Jequitinhonha/Mucuri"
"41505";"SANTA HELENA DE MINAS";"3684";"Jequitinhonha/Mucuri"
"41688";"ANGELANDIA";"5134";"Jequitinhonha/Mucuri"
"41700";"ARICANDUVA";"3413";"Jequitinhonha/Mucuri"
"41963";"CRISOLITA";"3639";"Jequitinhonha/Mucuri"
"42285";"JENIPAPO DE MINAS";"3478";"Jequitinhonha/Mucuri"
"42307";"JOSE GONCALVES DE MINAS";"2618";"Jequitinhonha/Mucuri"
"42404";"SETUBINHA";"5711";"Jequitinhonha/Mucuri"
"42455";"CAPELINHA";"17813";"Jequitinhonha/Mucuri"
"42544";"VEREDINHA";"3905";"Jequitinhonha/Mucuri"
"42595";"CARAI";"10248";"Jequitinhonha/Mucuri"
"42692";"CARBONITA";"5875";"Jequitinhonha/Mucuri"
"42730";"CARLOS CHAGAS";"12779";"Jequitinhonha/Mucuri"
"43214";"CHAPADA DO NORTE";"6907";"Jequitinhonha/Mucuri"
"46450";"ITAIPE";"6120";"Jequitinhonha/Mucuri"
"46493";"ITAMARANDIBA";"18005";"Jequitinhonha/Mucuri"
"46655";"ITAOBIM";"12282";"Jequitinhonha/Mucuri"
"46795";"ITINGA";"8127";"Jequitinhonha/Mucuri"
"46930";"JACINTO";"7197";"Jequitinhonha/Mucuri"
"47155";"JEQUITINHONHA";"13252";"Jequitinhonha/Mucuri"
"47198";"JOAIMA";"8916";"Jequitinhonha/Mucuri"
"47295";"JORDANIA";"6293";"Jequitinhonha/Mucuri"
"47392";"LADAINHA";"8976";"Jequitinhonha/Mucuri"
"47775";"MACHACALIS";"4472";"Jequitinhonha/Mucuri"
"47830";"MALACACHETA";"11455";"Jequitinhonha/Mucuri"
"48275";"MEDINA";"12738";"Jequitinhonha/Mucuri"
"48356";"MINAS NOVAS";"14175";"Jequitinhonha/Mucuri"
"43397";"COMERCINHO";"5257";"Jequitinhonha/Mucuri"
"43893";"CORONEL MURTA";"5966";"Jequitinhonha/Mucuri"
"45110";"FELISBURGO";"3805";"Jequitinhonha/Mucuri"
"45292";"FRANCISCO BADARO";"4995";"Jequitinhonha/Mucuri"
"45357";"FREI GASPAR";"4024";"Jequitinhonha/Mucuri"
"48852";"NANUQUE";"24360";"Jequitinhonha/Mucuri"
"49050";"NOVO CRUZEIRO";"15158";"Jequitinhonha/Mucuri"
"49239";"OURO VERDE DE MINAS";"4991";"Jequitinhonha/Mucuri"
"49255";"PADRE PARAISO";"10797";"Jequitinhonha/Mucuri"
"49352";"FRONTEIRA DOS VALES";"3398";"Jequitinhonha/Mucuri"
"49697";"PAVAO";"5044";"Jequitinhonha/Mucuri"
"49735";"PEDRA AZUL";"13942";"Jequitinhonha/Mucuri"
"50474";"POTE";"9152";"Jequitinhonha/Mucuri"
"51012";"RIO DO PRADO";"3289";"Jequitinhonha/Mucuri"
"51314";"RUBIM";"5410";"Jequitinhonha/Mucuri"
"51411";"SALTO DA DIVISA";"3875";"Jequitinhonha/Mucuri"
"51616";"SANTA MARIA DO SALTO";"3805";"Jequitinhonha/Mucuri"
"52051";"SANTO ANTONIO DO JACINTO";"7335";"Jequitinhonha/Mucuri"
"53333";"SERRA DOS AIMORES";"4913";"Jequitinhonha/Mucuri"
"53716";"TEOFILO OTONI";"76099";"Jequitinhonha/Mucuri"
"53937";"TURMALINA";"10228";"Jequitinhonha/Mucuri"
"54054";"UMBURATIBA";"2125";"Jequitinhonha/Mucuri"
"54330";"VIRGEM DA LAPA";"7338";"Jequitinhonha/Mucuri"
"52230";"SAO FRANCISCO DE PAULA";"4976";"Centro-Oeste de Minas"
"46051";"IGUATAMA";"5883";"Centro-Oeste de Minas"
"52850";"SAO ROQUE DE MINAS";"4549";"Centro-Oeste de Minas"
"52914";"SAO SEBASTIAO DO OESTE";"4193";"Centro-Oeste de Minas"
"53317";"SERRA DA SAUDADE";"995";"Centro-Oeste de Minas"
"53635";"TAPIRAI";"2437";"Centro-Oeste de Minas"
"54119";"VARGEM BONITA";"1839";"Centro-Oeste de Minas"
"45217";"FORMIGA";"43987";"Centro-Oeste de Minas"
"49034";"NOVA SERRANA";"31654";"Centro-Oeste de Minas"
"49115";"OLIVEIRA";"25823";"Centro-Oeste de Minas"
"49298";"PAINS";"6048";"Centro-Oeste de Minas"
"49530";"PASSA TEMPO";"5951";"Centro-Oeste de Minas"
"49778";"PEDRA DO INDAIA";"3292";"Centro-Oeste de Minas"
"49930";"PERDIGAO";"5253";"Centro-Oeste de Minas"
"49972";"PERDOES";"13387";"Centro-Oeste de Minas"
"50091";"PIMENTA";"5625";"Centro-Oeste de Minas"
"50113";"PIRACEMA";"5093";"Centro-Oeste de Minas"
"50296";"PIUMHI";"20987";"Centro-Oeste de Minas"
"50733";"QUARTEL GERAL";"2807";"Centro-Oeste de Minas"
"51756";"SANTANA DO JACARE";"3476";"Centro-Oeste de Minas"
"51977";"SANTO ANTONIO DO AMPARO";"11211";"Centro-Oeste de Minas"
"52078";"SANTO ANTONIO DO MONTE";"15081";"Centro-Oeste de Minas"
"46698";"ITAPECERICA";"14799";"Centro-Oeste de Minas"
"46752";"ITAUNA";"54616";"Centro-Oeste de Minas"
"47058";"JAPARAIBA";"2707";"Centro-Oeste de Minas"
"47430";"LAGOA DA PRATA";"26520";"Centro-Oeste de Minas"
"47651";"LEANDRO FERREIRA";"2696";"Centro-Oeste de Minas"
"47759";"LUZ";"11515";"Centro-Oeste de Minas"
"48097";"MARTINHO CAMPOS";"8369";"Centro-Oeste de Minas"
"48259";"MEDEIROS";"2571";"Centro-Oeste de Minas"
"48470";"MOEMA";"5240";"Centro-Oeste de Minas"
"43311";"CLAUDIO";"16080";"Centro-Oeste de Minas"
"43516";"CONCEICAO DO PARA";"3997";"Centro-Oeste de Minas"
"43958";"CORREGO DANTA";"2762";"Centro-Oeste de Minas"
"44032";"CRISTAIS";"7167";"Centro-Oeste de Minas"
"44458";"DIVINOPOLIS";"130624";"Centro-Oeste de Minas"
"44636";"DORES DO INDAIA";"9604";"Centro-Oeste de Minas"
"44679";"DORESOPOLIS";"1492";"Centro-Oeste de Minas"
"44938";"ESTRELA DO INDAIA";"2666";"Centro-Oeste de Minas"
"40150";"AGUANIL";"3235";"Centro-Oeste de Minas"
"40770";"ARAUJOS";"5291";"Centro-Oeste de Minas"
"40835";"ARCOS";"24171";"Centro-Oeste de Minas"
"41017";"BAMBUI";"15309";"Centro-Oeste de Minas"
"41475";"BOM DESPACHO";"28863";"Centro-Oeste de Minas"
"41599";"BOM SUCESSO";"11993";"Centro-Oeste de Minas"
"41947";"CORREGO FUNDO";"4258";"Centro-Oeste de Minas"
"42072";"CAMACHO";"3019";"Centro-Oeste de Minas"
"42234";"CAMPO BELO";"32013";"Centro-Oeste de Minas"
"42374";"CANA VERDE";"4017";"Centro-Oeste de Minas"
"42390";"CANDEIAS";"10227";"Centro-Oeste de Minas"
"42790";"CARMO DA MATA";"7951";"Centro-Oeste de Minas"
"42838";"CARMO DO CAJURU";"13297";"Centro-Oeste de Minas"
"42897";"CARMOPOLIS DE MINAS";"10688";"Centro-Oeste de Minas"
"45993";"IBITURUNA";"2111";"Centro-Oeste de Minas"
"46035";"IGARATINGA";"5757";"Centro-Oeste de Minas"
"52353";"SAO GONCALO DO PARA";"6318";"Centro-Oeste de Minas"
"52191";"SAO DOMINGOS DO PRATA";"11204";"Central"
"52370";"SAO GONCALO DO RIO ABAIXO";"6906";"Central"
"52493";"SAO JOAO DEL REI";"55193";"Central"
"52612";"SAO JOSE DA VARGINHA";"3006";"Central"
"52671";"SAO JOSE DO GOIABAL";"4079";"Central"
"52957";"SAO SEBASTIAO DO RIO PRETO";"1327";"Central"
"52990";"SAO TIAGO";"7242";"Central"
"53171";"SENADOR MODESTINO GONCALVES";"4016";"Central"
"53236";"SENHORA DOS REMEDIOS";"6299";"Central"
"53295";"SERRA AZUL DE MINAS";"2913";"Central"
"53414";"SERRO";"11481";"Central"
"53430";"SETE LAGOAS";"124283";"Central"
"53651";"TAQUARACU DE MINAS";"3641";"Central"
"53759";"TIRADENTES";"4595";"Central"
"54259";"VESPASIANO";"53779";"Central"
"45276";"FORTUNA DE MINAS";"2251";"Central"
"45438";"FUNILANDIA";"3277";"Central"
"48690";"MORADA NOVA DE MINAS";"5815";"Central"
"48712";"MORRO DA GARCA";"2539";"Central"
"48739";"MORRO DO PILAR";"2721";"Central"
"48895";"NAZARENO";"5198";"Central"
"48933";"NOVA ERA";"12190";"Central"
"48950";"NOVA LIMA";"48489";"Central"
"49158";"ONCA DE PITANGUI";"2526";"Central"
"49174";"OURO BRANCO";"22179";"Central"
"49212";"OURO PRETO";"47327";"Central"
"49271";"PAINEIRAS";"3805";"Central"
"49379";"PAPAGAIOS";"9467";"Central"
"49417";"PARA DE MINAS";"49940";"Central"
"49476";"PARAOPEBA";"14346";"Central"
"49492";"PASSABEM";"1642";"Central"
"49859";"PEDRO LEOPOLDO";"37135";"Central"
"49913";"PEQUI";"3140";"Central"
"50059";"PIEDADE DO RIO GRANDE";"3334";"Central"
"50075";"PIEDADE DOS GERAIS";"3772";"Central"
"50270";"PITANGUI";"16844";"Central"
"50393";"POMPEU";"17926";"Central"
"50539";"PRADOS";"5829";"Central"
"50636";"PRESIDENTE JUSCELINO";"3352";"Central"
"50652";"PRESIDENTE KUBITSCHEK";"2166";"Central"
"50717";"PRUDENTE DE MORAIS";"6434";"Central"
"50750";"QUELUZITO";"1896";"Central"
"50776";"RAPOSOS";"9956";"Central"
"50830";"RESENDE COSTA";"7187";"Central"
"50873";"RESSAQUINHA";"3405";"Central"
"50911";"RIBEIRAO DAS NEVES";"133633";"Central"
"50954";"RIO ACIMA";"5893";"Central"
"51055";"RIO MANSO";"3569";"Central"
"51136";"RIO PIRACICABA";"9909";"Central"
"51195";"RIO VERMELHO";"8266";"Central"
"51217";"RITAPOLIS";"3789";"Central"
"51330";"SABARA";"68814";"Central"
"51438";"SANTA BARBARA";"18041";"Central"
"51454";"SANTA BARBARA DO TUGURIO";"3628";"Central"
"51551";"SANTA LUZIA";"115499";"Central"
"51594";"SANTA MARIA DE ITABIRA";"6710";"Central"
"51691";"SANTANA DE PIRAPAMA";"6744";"Central"
"51730";"SANTANA DO GARAMBEU";"1804";"Central"
"51799";"SANTANA DO RIACHO";"3899";"Central"
"51810";"SANTANA DOS MONTES";"3223";"Central"
"52035";"SANTO ANTONIO DO ITAMBE";"2935";"Central"
"52094";"SANTO ANTONIO DO RIO ABAIXO";"1670";"Central"
"52116";"SANTO HIPOLITO";"2649";"Central"
"52175";"SAO BRAS DO SUACUI";"2605";"Central"
"46370";"ITABIRITO";"30239";"Central"
"46434";"ITAGUARA";"8512";"Central"
"46558";"ITAMBE DO MATO DENTRO";"2086";"Central"
"46736";"ITATIAIUCU";"6648";"Central"
"46779";"ITAVERAVA";"4923";"Central"
"46914";"JABOTICATUBAS";"9952";"Central"
"47074";"JECEABA";"4449";"Central"
"47139";"JEQUITIBA";"4406";"Central"
"47236";"JOAO MONLEVADE";"46213";"Central"
"47279";"JOAQUIM FELICIO";"3039";"Central"
"47317";"NOVA UNIAO";"4390";"Central"
"47473";"LAGOA DOURADA";"8036";"Central"
"47511";"LAGOA SANTA";"28850";"Central"
"47813";"MADRE DE DEUS DE MINAS";"3848";"Central"
"47937";"MARAVILHAS";"5131";"Central"
"47996";"MARIANA";"35137";"Central"
"48135";"MATEUS LEME";"15955";"Central"
"48216";"MATOZINHOS";"22787";"Central"
"48453";"MOEDA";"3967";"Central"
"48496";"MONJOLOS";"1963";"Central"
"43494";"CONCEICAO DO MATO DENTRO";"11278";"Central"
"43591";"CONGONHAS";"31666";"Central"
"43613";"CONGONHAS DO NORTE";"3206";"Central"
"43656";"CONSELHEIRO LAFAIETE";"73282";"Central"
"43710";"CONTAGEM";"344886";"Central"
"43770";"CORDISBURGO";"5591";"Central"
"43818";"CORINTO";"15238";"Central"
"43931";"CORONEL XAVIER CHAVES";"2343";"Central"
"44016";"COUTO DE MAGALHAES DE MINAS";"3249";"Central"
"44075";"CRISTIANO OTONI";"3710";"Central"
"44113";"CRUCILANDIA";"4086";"Central"
"44172";"CURVELO";"42407";"Central"
"44199";"DATAS";"3569";"Central"
"44270";"DESTERRO DE ENTRE RIOS";"4812";"Central"
"44296";"DESTERRO DO MELO";"2663";"Central"
"44318";"DIAMANTINA";"26319";"Central"
"44334";"DIOGO DE VASCONCELOS";"2876";"Central"
"44350";"DIONISIO";"6128";"Central"
"44512";"DOM JOAQUIM";"3197";"Central"
"44598";"DORES DE CAMPOS";"6510";"Central"
"44776";"ENTRE RIOS DE MINAS";"9226";"Central"
"44814";"ESMERALDAS";"28424";"Central"
"45071";"FELICIO DOS SANTOS";"3122";"Central"
"45098";"SAO GONCALO DO RIO PRETO";"2526";"Central"
"45136";"FELIXLANDIA";"9613";"Central"
"45179";"FERROS";"7072";"Central"
"45195";"FLORESTAL";"4836";"Central"
"40002";"ALFREDO VASCONCELOS";"4284";"Central"
"40037";"ABAETE";"15260";"Central"
"40320";"JUATUBA";"12743";"Central"
"40452";"ALVINOPOLIS";"10907";"Central"
"40479";"ALVORADA DE MINAS";"2856";"Central"
"40576";"ANTONIO CARLOS";"8090";"Central"
"40630";"ARACAI";"2337";"Central"
"40789";"SAO JOSE DA LAPA";"13311";"Central"
"40800";"SARZEDO";"12707";"Central"
"40959";"AUGUSTO DE LIMA";"3735";"Central"
"40991";"BALDIM";"5473";"Central"
"41025";"MARIO CAMPOS";"7824";"Central"
"41076";"BARAO DE COCAIS";"17558";"Central"
"41114";"BARBACENA";"77633";"Central"
"41157";"TRES MARIAS";"17230";"Central"
"41173";"BARROSO";"13974";"Central"
"41190";"BELA VISTA DE MINAS";"6487";"Central"
"41238";"BELO HORIZONTE";"1473626";"Central"
"41270";"BELO VALE";"6490";"Central"
"41335";"BETIM";"201072";"Central"
"41394";"BIQUINHAS";"2297";"Central"
"41467";"SANTA CRUZ DE MINAS";"5348";"Central"
"41530";"BOM JESUS DO AMPARO";"4135";"Central"
"41610";"BONFIM";"5504";"Central"
"41629";"SAO JOAQUIM DE BICAS";"13385";"Central"
"41793";"BRUMADINHO";"19302";"Central"
"41831";"BUENOPOLIS";"6153";"Central"
"41840";"CATAS ALTAS";"3416";"Central"
"41912";"CACHOEIRA DA PRATA";"2946";"Central"
"41920";"CONFINS";"4314";"Central"
"41971";"CAETANOPOLIS";"6114";"Central"
"41998";"CAETE";"25949";"Central"
"42439";"CAPELA NOVA";"3625";"Central"
"42498";"CAPIM BRANCO";"5854";"Central"
"42617";"CARANAIBA";"2707";"Central"
"42633";"CARANDAI";"16112";"Central"
"42978";"CASA GRANDE";"2185";"Central"
"43036";"CONCEICAO DA BARRA DE MINAS";"2984";"Central"
"43079";"CATAS ALTAS DA NORUEGA";"2858";"Central"
"43117";"CEDRO DO ABAETE";"1288";"Central"
"45519";"GOUVEIA";"7792";"Central"
"45870";"IBERTIOGA";"4186";"Central"
"45950";"IBIRITE";"78886";"Central"
"46019";"IGARAPE";"18991";"Central"
"46191";"INHAUMA";"4343";"Central"
"46213";"INIMUTABA";"4702";"Central"
"46337";"ITABIRA";"73211";"Central"
"40010";"ABADIA DOS DOURADOS";"4896";"Alto Paranaiba"
"53775";"TIROS";"4456";"Alto Paranaiba"
"40797";"ARAXA";"57725";"Alto Paranaiba"
"42293";"CAMPOS ALTOS";"8443";"Alto Paranaiba"
"42854";"CARMO DO PARANAIBA";"18440";"Alto Paranaiba"
"45578";"GRUPIARA";"1428";"Alto Paranaiba"
"45772";"GUIMARANIA";"5355";"Alto Paranaiba"
"45896";"IBIA";"14700";"Alto Paranaiba"
"46310";"IRAI DE MINAS";"4903";"Alto Paranaiba"
"47490";"LAGOA FORMOSA";"11398";"Alto Paranaiba"
"48232";"MATUTINA";"2844";"Alto Paranaiba"
"43850";"COROMANDEL";"18717";"Alto Paranaiba"
"44130";"CRUZEIRO DA FORTALEZA";"3267";"Alto Paranaiba"
"44695";"DOURADOQUARA";"1645";"Alto Paranaiba"
"44954";"ESTRELA DO SUL";"4913";"Alto Paranaiba"
"48615";"MONTE CARMELO";"29492";"Alto Paranaiba"
"48992";"NOVA PONTE";"7772";"Alto Paranaiba"
"49590";"PATOS DE MINAS";"81752";"Alto Paranaiba"
"49611";"PATROCINIO";"49040";"Alto Paranaiba"
"49832";"PEDRINOPOLIS";"2777";"Alto Paranaiba"
"49956";"PERDIZES";"9039";"Alto Paranaiba"
"50598";"PRATINHA";"2445";"Alto Paranaiba"
"51098";"RIO PARANAIBA";"7546";"Alto Paranaiba"
"51276";"ROMARIA";"2899";"Alto Paranaiba"
"51373";"SACRAMENTO";"15462";"Alto Paranaiba"
"51535";"SANTA JULIANA";"6397";"Alto Paranaiba"
"51934";"SANTA ROSA DA SERRA";"2691";"Alto Paranaiba"
"52418";"SAO GOTARDO";"18493";"Alto Paranaiba"
"53350";"SERRA DO SALITRE";"6985";"Alto Paranaiba"
"53619";"TAPIRA";"3527";"Alto Paranaiba"
"40754";"ARAPUA";"2541";"Alto Paranaiba"
